Project,Client,Tasks,Tags
Cloud Migration,FinStream Partners,"Infrastructure Dev, Meetings, Review","T4, T2"
Brand Identity Redesign,Bloom Floral Studio,"Concept Design, Graphic Design, Research, Review, Meetings, Development","research, workshop"
Website Redesign,Aura Wellness,"Meetings, Research, Graphic Design, Concept Design, Development",
E-comm Mobile App,Peak Retail Group,"Development, Testing, Meetings","bugfixing, performance"
API Integration,HealthSync,Development,
Grants 2026,,"Meetings, Writing Proposal, Development",internal
Security Audit,,"Testing, Audit",high priority
Training & Onboarding,,Education,HR
Web Platform Development,FinanSe Inc,Performance,
